MutationType	PZMall	PZM1	PZM2	PZMdiv
A[C>A]A	26	0	1	1
A[C>A]C	20	1	1	1
A[C>A]G	9	1	0	0
A[C>A]T	25	2	1	1
A[C>G]A	15	0	0	1
A[C>G]C	7	0	0	0
A[C>G]G	7	1	0	0
A[C>G]T	12	1	1	1
A[C>T]A	74	2	1	4
A[C>T]C	41	1	2	2
A[C>T]G	73	3	7	4
A[C>T]T	51	2	4	3
A[T>A]A	17	1	0	1
A[T>A]C	12	1	2	1
A[T>A]G	11	0	0	1
A[T>A]T	23	1	1	1
A[T>C]A	66	2	1	3
A[T>C]C	16	0	1	1
A[T>C]G	25	2	0	1
A[T>C]T	34	2	1	2
A[T>G]A	9	1	2	0
A[T>G]C	3	0	0	0
A[T>G]G	6	0	0	0
A[T>G]T	16	2	0	1
C[C>A]A	19	0	1	1
C[C>A]C	12	1	2	1
C[C>A]G	13	0	1	1
C[C>A]T	19	0	3	1
C[C>G]A	7	2	0	0
C[C>G]C	9	0	1	0
C[C>G]G	8	0	0	0
C[C>G]T	6	0	0	0
C[C>T]A	35	0	0	2
C[C>T]C	46	1	1	2
C[C>T]G	69	8	2	3
C[C>T]T	43	3	1	2
C[T>A]A	6	0	2	0
C[T>A]C	5	0	1	0
C[T>A]G	14	0	0	1
C[T>A]T	7	0	0	0
C[T>C]A	23	1	0	1
C[T>C]C	13	0	0	1
C[T>C]G	15	0	1	1
C[T>C]T	15	1	1	1
C[T>G]A	5	0	0	0
C[T>G]C	1	0	0	0
C[T>G]G	3	0	0	0
C[T>G]T	5	1	0	0
G[C>A]A	11	1	1	1
G[C>A]C	10	1	1	0
G[C>A]G	5	1	0	0
G[C>A]T	11	1	1	1
G[C>G]A	8	0	1	0
G[C>G]C	7	0	0	0
G[C>G]G	2	0	0	0
G[C>G]T	11	1	1	1
G[C>T]A	79	2	8	4
G[C>T]C	63	2	4	3
G[C>T]G	86	6	3	4
G[C>T]T	37	0	2	2
G[T>A]A	7	0	0	0
G[T>A]C	3	0	0	0
G[T>A]G	9	1	0	0
G[T>A]T	9	1	0	0
G[T>C]A	30	0	1	2
G[T>C]C	11	1	0	1
G[T>C]G	8	0	0	0
G[T>C]T	35	5	1	2
G[T>G]A	5	1	0	0
G[T>G]C	5	0	0	0
G[T>G]G	5	0	0	0
G[T>G]T	10	2	1	0
T[C>A]A	15	0	1	1
T[C>A]C	11	2	1	1
T[C>A]G	6	0	0	0
T[C>A]T	61	3	5	3
T[C>G]A	18	0	0	1
T[C>G]C	8	0	0	0
T[C>G]G	12	0	1	1
T[C>G]T	22	1	2	1
T[C>T]A	40	1	2	2
T[C>T]C	43	3	1	2
T[C>T]G	62	3	4	3
T[C>T]T	47	1	1	2
T[T>A]A	28	1	0	1
T[T>A]C	15	2	1	1
T[T>A]G	3	0	0	0
T[T>A]T	25	0	5	1
T[T>C]A	34	6	0	2
T[T>C]C	17	2	0	1
T[T>C]G	25	2	2	1
T[T>C]T	38	0	1	2
T[T>G]A	10	1	1	0
T[T>G]C	10	0	1	0
T[T>G]G	4	1	0	0
T[T>G]T	43	2	3	2